model,train_dataset,test_dataset,accuracy,precision,recall,f1,roc_auc
M2_Char_TFIDF_LinearSVM,arabic,arabic,0.9885010266940452,0.9977453780249511,0.989712240942299,0.9937125748502994,0.9979824403495973
M4_Hybrid_TFIDF_Stylometric,arabic,arabic,0.988911704312115,0.9953648325358851,0.9925451021321008,0.993952967525196,0.9978310984430485
