split,model,test_size,accuracy,precision,recall,f1,roc_auc
challenge,TF-IDF Word LR,20,0.75,0.6923076923076923,0.9,0.782608695652174,0.81
challenge,TF-IDF Char LR,20,0.5,0.5,0.2,0.2857142857142857,0.52
challenge,TF-IDF Word SVM,20,0.3,0.16666666666666666,0.1,0.125,0.19
challenge,Stylometric LR,20,0.5,0.5,0.5,0.5,0.42
challenge,Hybrid TF-IDF + Stylometric LR,20,0.3,0.35714285714285715,0.5,0.4166666666666667,0.41999999999999993
