check,accuracy,precision,recall,f1,roc_auc
label_shuffle_text_model,0.514820592823713,0.5221518987341772,0.5076923076923077,0.514820592823713,
length_only_model,0.5054602184087363,0.5124223602484472,0.5076923076923077,0.5100463678516228,0.49802823758519954
prompt_only_model,0.4960998439937597,0.5028490028490028,0.5430769230769231,0.522189349112426,0.48791017526777025
